{
  "Core-Requirements": {
    "req-1": {
      "description": "Name and email should be professional.",
      "correct": true,
      "number": "2",
      "message": "Your name and email don't look professional.",
      "sub_req_11": {
        "description": "Name ok",
        "correct": true,
        "number": "1",
        "message": "Your name does not look professional"
      },
      "sub_req_12": {
        "description": "Email ok",
        "correct": true,
        "number": "1",
        "message": "Your email does not look professional"
      }
    },
    "req-2": {
      "description": "Make sure that your social accounts are clickable.",
      "correct": true,
      "number": "3",
      "message": "You did not provide your github and linkedin links.",
      "sub_req_21": {
        "description": "Linkedin clickable",
        "correct": true,
        "number": "3",
        "message": "Linkedin link is not okay."
      },
      "sub_req_22": {
        "description": "Github ok",
        "correct": true,
        "number": "3",
        "message": "Github link is not okay"
      }
    },
    "req-3": {
      "description": "Write meaningful skill set with proper alignment.",
      "correct": true,
      "number": "3",
      "message": "Alignment needs improvement. You can read this article for improvements: https://www.indeed.com/career-advice/resumes-cover-letters/guide-to-resume-margins"
    },
    "req-4": {
      "description": "Give detailed information about your project including the technologies you  used.Do not use redundant words.",
      "correct": true,
      "number": "5",
      "message": "not ok",
      "sub_req_41": {
        "description": "description ok",
        "correct": true,
        "number": "3",
        "message": "Your project description lacks enough detail"
      },
      "sub_req_42": {
        "description": "No redundant words",
        "correct": true,
        "number": "2",
        "message": "You used redundant words."
      }
    },
    "req-5": {
      "description": "Make sure the project links are working properly",
      "correct": true,
      "number": "3",
      "message": "Some links are not working."
    }
  },

  "Other-Requirements": {
    "req-6": {
      "description": "Do not use more than two font sizes. Use only one font family.",
      "correct": true,
      "number": "2",
      "message": "not ok",
      "sub_req_61": {
        "description": "font size ok",
        "correct": true,
        "number": "1",
        "message": "You used more than two font sizes."
      },
      "sub_req_62": {
        "description": "font family ok",
        "correct": true,
        "number": "1",
        "message": "You used more than one font family"
      }
    },
    "req-7": {
      "description": "Do not use italics.",
      "correct": true,
      "number": "2",
      "message": "You used italics."
    },
    "req-8": {
      "description": "Do not use  bullet points unnecessarily.",
      "correct": true,
      "number": "2",
      "message": "You used  unnecessary bullet points."
    },
    "req-9": {
      "description": "Do not use more than two colors",
      "correct": true,
      "number": "2",
      "message": "You used more than two colors"
    }
  }
}
